"ShaderTypeName","ShaderType","Frequency","NumShaders","ShadersSize"
"FARGB16BigConvertPS","Global","SF_Pixel","1","1176"
"FAYUVConvertPS","Global","SF_Pixel","1","585"
"FAccumulateCubeFacesPS","Global","SF_Pixel","1","466"
"FAccumulateDiffuseIrradiancePS","Global","SF_Pixel","1","806"
"FAlphaInvertPS","Global","SF_Pixel","1","292"
"FApplyLowerHemisphereColorPS","Global","SF_Pixel","1","710"
"FBMPConvertPS","Global","SF_Pixel","1","557"
"FBasicEyeAdaptationSetupPS","Global","SF_Pixel","1","445"
"FBinkDrawICtCpPS","Global","SF_Pixel","8","6249"
"FBinkDrawVS","Global","SF_Vertex","1","447"
"FBinkDrawYCbCrPS","Global","SF_Pixel","4","1801"
"FBuildIndirectDispatchArgsBufferCS","Global","SF_Compute","1","458"
"FBuildInstanceIdBufferAndCommandsFromPrimitiveIdsCs","Global","SF_Compute","32","113678"
"FBuildLandscapeTileDataCS","Global","SF_Compute","1","1909"
"FCapsuleShadowingCS","Global","SF_Compute","6","15207"
"FCapsuleShadowingUpsamplePS","Global","SF_Pixel","4","2986"
"FCapsuleShadowingUpsampleVS","Global","SF_Vertex","1","613"
"FClearIndirectArgInstanceCountCs","Global","SF_Compute","1","360"
"FClearIndirectDispatchArgsCS","Global","SF_Compute","1","424"
"FClearMessageBufferCS","Global","SF_Compute","1","154"
"FClearPressureGridCS","Global","SF_Compute","1","615"
"FClearReplacementCS_Buffer_Float4_Bounds","Global","SF_Compute","1","334"
"FClearReplacementCS_Buffer_Float_Bounds","Global","SF_Compute","1","335"
"FClearReplacementCS_Buffer_Sint4_Bounds","Global","SF_Compute","1","334"
"FClearReplacementCS_Buffer_Uint","Global","SF_Compute","1","191"
"FClearReplacementCS_Buffer_Uint4","Global","SF_Compute","1","191"
"FClearReplacementCS_Buffer_Uint4_Bounds","Global","SF_Compute","1","334"
"FClearReplacementCS_Buffer_Uint_Bounds","Global","SF_Compute","1","335"
"FClearReplacementCS_Buffer_Uint_Zero","Global","SF_Compute","1","164"
"FClearReplacementCS_LargeBuffer_Float4_Bounds","Global","SF_Compute","1","335"
"FClearReplacementCS_LargeBuffer_Float_Bounds","Global","SF_Compute","1","336"
"FClearReplacementCS_LargeBuffer_Sint4_Bounds","Global","SF_Compute","1","335"
"FClearReplacementCS_LargeBuffer_Uint","Global","SF_Compute","1","193"
"FClearReplacementCS_LargeBuffer_Uint4","Global","SF_Compute","1","193"
"FClearReplacementCS_LargeBuffer_Uint4_Bounds","Global","SF_Compute","1","335"
"FClearReplacementCS_LargeBuffer_Uint_Bounds","Global","SF_Compute","1","335"
"FClearReplacementCS_StructuredBuffer_Float4_Bounds","Global","SF_Compute","1","334"
"FClearReplacementCS_StructuredBuffer_Float_Bounds","Global","SF_Compute","1","332"
"FClearReplacementCS_StructuredBuffer_Sint4_Bounds","Global","SF_Compute","1","334"
"FClearReplacementCS_StructuredBuffer_Uint","Global","SF_Compute","1","191"
"FClearReplacementCS_StructuredBuffer_Uint4","Global","SF_Compute","1","191"
"FClearReplacementCS_StructuredBuffer_Uint4_Bounds","Global","SF_Compute","1","334"
"FClearReplacementCS_StructuredBuffer_Uint_Bounds","Global","SF_Compute","1","332"
"FClearReplacementCS_StructuredBuffer_Uint_Zero","Global","SF_Compute","1","163"
"FClearReplacementCS_Texture2DArray_Float4","Global","SF_Compute","1","191"
"FClearReplacementCS_Texture2DArray_Float4_Bounds","Global","SF_Compute","1","295"
"FClearReplacementCS_Texture2DArray_Sint4_Bounds","Global","SF_Compute","1","295"
"FClearReplacementCS_Texture2DArray_Uint","Global","SF_Compute","1","191"
"FClearReplacementCS_Texture2DArray_Uint4","Global","SF_Compute","1","191"
"FClearReplacementCS_Texture2DArray_Uint4_Bounds","Global","SF_Compute","1","295"
"FClearReplacementCS_Texture2DArray_Uint_Zero","Global","SF_Compute","1","164"
"FClearReplacementCS_Texture2D_Float4","Global","SF_Compute","1","191"
"FClearReplacementCS_Texture2D_Float4_Bounds","Global","SF_Compute","1","273"
"FClearReplacementCS_Texture2D_Sint4_Bounds","Global","SF_Compute","1","273"
"FClearReplacementCS_Texture2D_Uint4","Global","SF_Compute","1","191"
"FClearReplacementCS_Texture2D_Uint4_Bounds","Global","SF_Compute","1","273"
"FClearReplacementCS_Texture3D_Float4","Global","SF_Compute","1","191"
"FClearReplacementCS_Texture3D_Float4_Bounds","Global","SF_Compute","1","295"
"FClearReplacementCS_Texture3D_Sint4_Bounds","Global","SF_Compute","1","295"
"FClearReplacementCS_Texture3D_Uint4","Global","SF_Compute","1","191"
"FClearReplacementCS_Texture3D_Uint4_Bounds","Global","SF_Compute","1","295"
"FClearReplacementPS","Global","SF_Pixel","1","173"
"FClearReplacementPS_128","Global","SF_Pixel","1","173"
"FClearReplacementPS_Zero","Global","SF_Pixel","1","249"
"FClearReplacementVS","Global","SF_Vertex","1","273"
"FClearReplacementVS_Bounds","Global","SF_Vertex","1","309"
"FClearReplacementVS_Depth","Global","SF_Vertex","1","312"
"FClearUAVBuildIndirectDispatchBufferCS","Global","SF_Compute","1","502"
"FClearUAVCS","Global","SF_Compute","1","327"
"FClearVelocityGridCS","Global","SF_Compute","1","331"
"FCompactViewsVSM_CS","Global","SF_Compute","1","1497"
"FComposeMeshEdgesPS","Global","SF_Pixel","4","3070"
"FCompositeCoreDilateShader","Global","SF_Compute","3","2277"
"FCompositeCoreDisplayTransformShader","Global","SF_Pixel","1","471"
"FCompositeCoreMergeShader","Global","SF_Pixel","2","2416"
"FCompositeEditorPrimitivesPS","Global","SF_Pixel","14","11111"
"FComputeBrightnessPS","Global","SF_Pixel","1","459"
"FComputeCubeMaxLuminancePS","Global","SF_Pixel","1","434"
"FComputeSkyEnvMapDiffuseIrradianceCS","Global","SF_Compute","1","2302"
"FConvolveSpecularFaceCS","Global","SF_Compute","1","1858"
"FCopyCompressCS","Global","SF_Compute","20","32138"
"FCopyCubemapToCubeFacePS","Global","SF_Pixel","1","725"
"FCopyCubemapToIlluminanceMeterCubemapPS","Global","SF_Pixel","1","652"
"FCopyDiffuseIrradiancePS","Global","SF_Pixel","1","815"
"FCopyEyeAdaptationToTextureCS","Global","SF_Compute","1","215"
"FCopyRectPS","Global","SF_Pixel","1","229"
"FCopyRectSrvPS","Global","SF_Pixel","1","229"
"FCopySceneColorTexturePS","Global","SF_Pixel","1","561"
"FCopySceneColorToCubeFacePS","Global","SF_Pixel","1","660"
"FCopyShadowMaps2DPS","Global","SF_Pixel","1","312"
"FCopyShadowMapsCubePS","Global","SF_Pixel","1","612"
"FCopyToCubeFaceVS","Global","SF_Vertex","1","551"
"FCopyUIntBufferCS","Global","SF_Compute","1","341"
"FCopyVelocityGridCS","Global","SF_Compute","1","371"
"FCropDistortionDisplacementMapCS","Global","SF_Compute","1","282"
"FCrosshairOverlayPS","Global","SF_Pixel","1","474"
"FCubeDownsampleMaxPS","Global","SF_Pixel","1","828"
"FCubeDownsamplePS","Global","SF_Pixel","1","1006"
"FCubeFilterPS","Global","SF_Pixel","1","1692"
"FCubemapTexturePropertiesPS","Global","SF_Pixel","2","1387"
"FCubemapTexturePropertiesVS","Global","SF_Vertex","1","404"
"FDeferredDecalVS","Global","SF_Vertex","1","298"
"FDeferredLightVS","Global","SF_Vertex","1","534"
"FDeformGuideCS","Global","SF_Compute","5","3778"
"FDesaturatePS","Global","SF_Pixel","1","277"
"FDeviceEncodingOnlyPS","Global","SF_Pixel","3","10666"
"FDistortionApplyScreenPS","Global","SF_Pixel","1","417"
"FDistortionMergeScreenPS","Global","SF_Pixel","2","595"
"FDownsampleCubeFaceCS","Global","SF_Compute","1","1142"
"FDownsampleIntegrateCubemapIlluminancePS","Global","SF_Pixel","1","818"
"FDownsamplePS","Global","SF_Pixel","2","879"
"FDrawTexturePS","Global","SF_Pixel","1","306"
"FDumpTextureCS","Global","SF_Compute","3","723"
"FExrSwizzlePS","Global","SF_Pixel","12","14141"
"FExrSwizzleVS","Global","SF_Vertex","1","461"
"FFXAAPS","Global","SF_Pixel","12","21595"
"FFillSTDisplacementMapPS","Global","SF_Pixel","1","284"
"FFillSTDisplacementMapVS","Global","SF_Vertex","1","566"
"FFilterPS","Global","SF_Pixel","32","17502"
"FFilterVS","Global","SF_Vertex","7","3172"
"FGLTFSimpleElementNormalMapPS","Global","SF_Pixel","1","368"
"FGLTFSimpleTexture2DPS","Global","SF_Pixel","1","229"
"FGPUDebugCrashUtilsCS","Global","SF_Compute","2","557"
"FGPUSceneSetInstancePrimitiveIdCS","Global","SF_Compute","1","966"
"FGenerateMipsCS","Global","SF_Compute","4","1571"
"FGenerateMipsIndirectCS","Global","SF_Compute","4","1571"
"FGenerateMipsPS","Global","SF_Pixel","1","316"
"FGenerateMipsVS","Global","SF_Vertex","1","278"
"FGeneratePaniniUVDisplacementCS","Global","SF_Compute","1","1183"
"FGroomCacheUpdatePassCS","Global","SF_Compute","1","1212"
"FHMDDistortionPS","Global","SF_Pixel","1","439"
"FHMDDistortionVS","Global","SF_Vertex","1","450"
"FHZBBuildCS","Global","SF_Compute","36","34150"
"FHZBBuildPS","Global","SF_Pixel","2","884"
"FHairCardsDeformationCS","Global","SF_Compute","2","3223"
"FHairInitMeshSamplesCS","Global","SF_Compute","2","1100"
"FHairInterpolationCS","Global","SF_Compute","96","214526"
"FHairMeshesInterpolateCS","Global","SF_Compute","1","655"
"FHairTranscodeCS","Global","SF_Compute","2","1545"
"FHairUpdateMeshSamplesCS","Global","SF_Compute","1","589"
"FHairUpdateMeshTriangleCS","Global","SF_Compute","4","7406"
"FHairUpdatePositionOffsetCS","Global","SF_Compute","4","1104"
"FHardwareVideoDecodingPS","Global","SF_Pixel","1","595"
"FHardwareVideoDecodingPassThroughPS","Global","SF_Pixel","1","251"
"FHardwareVideoDecodingVS","Global","SF_Vertex","1","354"
"FHardwareVideoDecodingY416PS","Global","SF_Pixel","1","578"
"FHardwareVideoDecodingYCoCgAlphaPS","Global","SF_Pixel","1","562"
"FHardwareVideoDecodingYCoCgPS","Global","SF_Pixel","1","596"
"FHdrCustomResolve2xPS","Global","SF_Pixel","1","444"
"FHdrCustomResolve4xPS","Global","SF_Pixel","1","496"
"FHdrCustomResolve8xPS","Global","SF_Pixel","1","495"
"FHdrCustomResolveFMask2xPS","Global","SF_Pixel","1","503"
"FHdrCustomResolveFMask4xPS","Global","SF_Pixel","1","502"
"FHdrCustomResolveFMask8xPS","Global","SF_Pixel","1","503"
"FHdrCustomResolveVS","Global","SF_Vertex","1","333"
"FHitProxyCopyPS","Global","SF_Pixel","1","417"
"FIESAtlasAddTextureCS","Global","SF_Compute","1","665"
"FInitIndirectArgs1DCS","Global","SF_Compute","1","375"
"FInjectShadowedLocalLightPS","Global","SF_Pixel","48","228109"
"FInstanceCullingOcclusionQueryCS","Global","SF_Compute","4","16388"
"FInstanceCullingOcclusionQueryDebugPS","Global","SF_Pixel","1","353"
"FInstanceCullingOcclusionQueryDebugVS","Global","SF_Vertex","1","4022"
"FInstanceCullingOcclusionQueryPS","Global","SF_Pixel","1","257"
"FInstanceCullingOcclusionQueryVS","Global","SF_Vertex","2","3457"
"FInterpolateGroomGuidesCS","Global","SF_Compute","2","4091"
"FInvertDisplacementPS","Global","SF_Pixel","1","282"
"FInvertDisplacementVS","Global","SF_Vertex","1","577"
"FLUTBlenderPS","Global","SF_Pixel","15","104923"
"FLandscapeMergeTexturesPS","Global","SF_Pixel","2","909"
"FLandscapePackRGBAChannelsPS","Global","SF_Pixel","1","437"
"FLandscapeResampleMergedTexturePS","Global","SF_Pixel","2","1046"
"FLensFlareBlurCS","Global","SF_Compute","1","604"
"FLensFlareBlurComputeShaderVS","Global","SF_Vertex","1","711"
"FLensFlareBlurPS","Global","SF_Pixel","1","288"
"FLensFlareBlurVS","Global","SF_Vertex","1","835"
"FLensFlareCompositePS","Global","SF_Pixel","1","448"
"FLensFlareCopyBloomPS","Global","SF_Pixel","1","251"
"FLightGridFeedbackStatusCS","Global","SF_Compute","1","464"
"FLightGridInjectionCS","Global","SF_Compute","96","325387"
"FLocalFogVolumeTiledCullingCS","Global","SF_Compute","2","3045"
"FLongGPUTaskPS","Global","SF_Pixel","1","399"
"FMediaShadersVS","Global","SF_Vertex","1","254"
"FMemcpyCS","Global","SF_Compute","3","1308"
"FMemsetBufferCS","Global","SF_Compute","3","1176"
"FMobileAverageLuminanceCS","Global","SF_Compute","1","892"
"FMobileBasicEyeAdaptationCS","Global","SF_Compute","1","822"
"FMobileBloomDownPS","Global","SF_Pixel","1","487"
"FMobileBloomDownVS","Global","SF_Vertex","1","742"
"FMobileBloomSetupPS","Global","SF_Pixel","10","6474"
"FMobileBloomSetupVS","Global","SF_Vertex","1","551"
"FMobileBloomUpPS","Global","SF_Pixel","1","543"
"FMobileBloomUpVS","Global","SF_Vertex","1","725"
"FMobileCubeDownsamplePS","Global","SF_Pixel","1","544"
"FMobileCustomResolvePS","Global","SF_Pixel","1","641"
"FMobileDOFRecombinePS","Global","SF_Pixel","3","1987"
"FMobileDOFSetupPS","Global","SF_Pixel","5","4836"
"FMobileDistortionMergePS","Global","SF_Pixel","1","417"
"FMobileDofBlurPS","Global","SF_Pixel","1","593"
"FMobileDofBlurVS","Global","SF_Vertex","1","541"
"FMobileDofDownPS","Global","SF_Pixel","2","1239"
"FMobileDofDownVS","Global","SF_Vertex","1","565"
"FMobileDofNearPS","Global","SF_Pixel","2","938"
"FMobileDofNearVS","Global","SF_Vertex","1","560"
"FMobileFogPS","Global","SF_Pixel","204","526312"
"FMobileFogVS","Global","SF_Vertex","1","448"
"FMobileHistogramEyeAdaptationCS","Global","SF_Compute","1","1052"
"FMobileIntegrateDofPS","Global","SF_Pixel","1","502"
"FMobileIntegrateDofVS","Global","SF_Vertex","1","565"
"FMobileLocalFogVolumeTiledRenderHalfResPS","Global","SF_Pixel","1","2432"
"FMobileLocalFogVolumeTiledRenderPS","Global","SF_Pixel","1","2383"
"FMobileLocalFogVolumeTiledRenderVS","Global","SF_Vertex","1","564"
"FMobileSunAlphaPS","Global","SF_Pixel","2","883"
"FMobileSunAlphaVS","Global","SF_Vertex","1","672"
"FMobileSunBlurPS","Global","SF_Pixel","1","405"
"FMobileSunBlurVS","Global","SF_Vertex","1","668"
"FMobileSunMaskPS","Global","SF_Pixel","6","4063"
"FMobileSunMergePS","Global","SF_Pixel","4","2050"
"FMobileSunMergeVS","Global","SF_Vertex","1","897"
"FModifyAlphaSwizzleRgbaPS","Global","SF_Pixel","3","759"
"FNULLPS","Global","SF_Pixel","1","249"
"FNV12ConvertAsBytesPS","Global","SF_Pixel","1","1230"
"FNV12ConvertPS","Global","SF_Pixel","1","1104"
"FNV21ConvertPS","Global","SF_Pixel","1","726"
"FNiagaraClearAsyncGpuTraceCS","Global","SF_Compute","1","285"
"FNiagaraClearCountsIntCS","Global","SF_Compute","1","331"
"FNiagaraClearCountsIntCS_Legacy","Global","SF_Compute","1","331"
"FNiagaraClearCountsUIntCS","Global","SF_Compute","1","332"
"FNiagaraClearCountsUIntCS_Legacy","Global","SF_Compute","1","332"
"FNiagaraClearUAVCS","Global","SF_Compute","1","429"
"FNiagaraCopySVTToDenseBufferCS","Global","SF_Compute","1","572"
"FNiagaraDebugDrawLinePS","Global","SF_Pixel","1","451"
"FNiagaraDebugDrawLineVS","Global","SF_Vertex","1","701"
"FNiagaraDispatchIndirectArgsGenCS","Global","SF_Compute","1","787"
"FNiagaraDrawIndirectArgsGenCS","Global","SF_Compute","2","1178"
"FNiagaraDrawIndirectResetCountsCS","Global","SF_Compute","1","327"
"FNiagaraGenerateMipsCS","Global","SF_Compute","4","2238"
"FNiagaraInitFreeIDBufferCS","Global","SF_Compute","1","331"
"FNiagaraInstanceCountsInitCS","Global","SF_Compute","1","332"
"FNiagaraLWCTileShiftPositionsCS","Global","SF_Compute","1","649"
"FNiagaraRibbonAggregationApplyCS","Global","SF_Compute","6","3235"
"FNiagaraRibbonAggregationStepCS","Global","SF_Compute","9","5483"
"FNiagaraRibbonCreateIndexBufferCS","Global","SF_Compute","2","1904"
"FNiagaraRibbonCreateIndexBufferParamsCS","Global","SF_Compute","3","2937"
"FNiagaraRibbonSortPhase1CS","Global","SF_Compute","6","5014"
"FNiagaraRibbonSortPhase2CS","Global","SF_Compute","6","5591"
"FNiagaraRibbonUVParamCalculationCS","Global","SF_Compute","3","6818"
"FNiagaraRibbonVertexReductionFinalizeCS","Global","SF_Compute","6","6101"
"FNiagaraRibbonVertexReductionInitializationCS","Global","SF_Compute","9","17219"
"FNiagaraSimpleElement2DArrayAttribute","Global","SF_Pixel","1","754"
"FNiagaraSimpleElementPS","Global","SF_Pixel","1","634"
"FNiagaraSimpleElementVolumeAttribute","Global","SF_Pixel","1","919"
"FNiagaraSortKeyGenCS","Global","SF_Compute","4","5705"
"FNiagaraUpdateCollisionGroupMapCS","Global","SF_Compute","1","695"
"FNiagaraUpdateMeshGPUSceneInstancesCS","Global","SF_Compute","2","12697"
"FNiagaraVisualizeTexturePS","Global","SF_Pixel","8","8625"
"FOITSortTriangleIndex_AllocateCS","Global","SF_Compute","1","424"
"FOITSortTriangleIndex_ScanCS","Global","SF_Compute","1","1033"
"FOITSortTriangleIndex_WriteOutCS","Global","SF_Compute","1","600"
"FOcclusionFeedbackPS","Global","SF_Pixel","2","601"
"FOcclusionFeedbackVS","Global","SF_Vertex","1","474"
"FOcclusionQueryPS","Global","SF_Pixel","1","249"
"FOcclusionQueryVS","Global","SF_Vertex","1","353"
"FOculusAlphaInverseShader","Global","SF_Pixel","1","263"
"FOculusBlackShader","Global","SF_Pixel","1","249"
"FOculusCubemapPS","Global","SF_Pixel","1","547"
"FOculusVertexShader","Global","SF_Vertex","1","254"
"FOculusWhiteShader","Global","SF_Pixel","1","249"
"FOneColorPS","Global","SF_Pixel","1","187"
"FOnePassPointShadowProjectionPS1falsefalse","Global","SF_Pixel","1","1246"
"FOnePassPointShadowProjectionPS1falsetrue","Global","SF_Pixel","1","1373"
"FOnePassPointShadowProjectionPS2falsefalse","Global","SF_Pixel","1","1246"
"FOnePassPointShadowProjectionPS2falsetrue","Global","SF_Pixel","1","1373"
"FOnePassPointShadowProjectionPS3falsefalse","Global","SF_Pixel","1","1533"
"FOnePassPointShadowProjectionPS3falsetrue","Global","SF_Pixel","1","1664"
"FOnePassPointShadowProjectionPS4falsefalse","Global","SF_Pixel","1","1579"
"FOnePassPointShadowProjectionPS4falsetrue","Global","SF_Pixel","1","1708"
"FOnePassPointShadowProjectionPS5falsefalse","Global","SF_Pixel","1","1744"
"FOnePassPointShadowProjectionPS5falsetrue","Global","SF_Pixel","1","1871"
"FP010ConvertAsUINT16sPS","Global","SF_Pixel","1","1207"
"FP010ConvertPS","Global","SF_Pixel","1","1083"
"FP010_2101010ConvertPS","Global","SF_Pixel","1","1308"
"FParticleCurveInjectionPS","Global","SF_Pixel","1","176"
"FParticleCurveInjectionVS","Global","SF_Vertex","1","446"
"FParticleInjectionVS","Global","SF_Vertex","1","662"
"FParticleSimVisualizePS","Global","SF_Pixel","1","497"
"FParticleSimVisualizeVS","Global","SF_Vertex","1","305"
"FParticleSimulationClearPS","Global","SF_Pixel","1","203"
"FParticleTileVS","Global","SF_Vertex","1","580"
"FPopulateCompositeDepthPS","Global","SF_Pixel","2","1065"
"FPostProcessBenchmarkPS0","Global","SF_Pixel","1","512"
"FPostProcessBenchmarkPS1","Global","SF_Pixel","1","407"
"FPostProcessBenchmarkPS2","Global","SF_Pixel","1","411"
"FPostProcessBenchmarkPS3","Global","SF_Pixel","1","268"
"FPostProcessBenchmarkPS4","Global","SF_Pixel","1","466"
"FPostProcessBenchmarkPS5","Global","SF_Pixel","1","166"
"FPostProcessBenchmarkVS0","Global","SF_Vertex","1","439"
"FPostProcessBenchmarkVS1","Global","SF_Vertex","1","330"
"FPostProcessBenchmarkVS2","Global","SF_Vertex","1","248"
"FRDGMemcpyCS","Global","SF_Compute","6","2502"
"FRDGMemsetBufferCS","Global","SF_Compute","6","2242"
"FRDGScatterCopyCS","Global","SF_Compute","7","3243"
"FRGB10toYUVv210ConvertPS","Global","SF_Pixel","1","1143"
"FRGB8toUYVY8ConvertPS","Global","SF_Pixel","1","628"
"FRGB8toY8ConvertPS","Global","SF_Pixel","1","538"
"FRGBConvertPS","Global","SF_Pixel","1","1062"
"FRadixSortClearOffsetsCS","Global","SF_Compute","1","257"
"FRadixSortDownsweepCS","Global","SF_Compute","1","4011"
"FRadixSortSpineCS","Global","SF_Compute","1","1151"
"FRadixSortUpsweepCS","Global","SF_Compute","1","1234"
"FReadTextureExternalPS","Global","SF_Pixel","1","528"
"FRecenterSTDisplacementMapPS","Global","SF_Pixel","1","547"
"FRecomputeTangentsPerTrianglePassCS<0>","Global","SF_Compute","1","1891"
"FRecomputeTangentsPerTrianglePassCS<1>","Global","SF_Compute","1","1891"
"FRecomputeTangentsPerTrianglePassCS<2>","Global","SF_Compute","1","2176"
"FRecomputeTangentsPerTrianglePassCS<3>","Global","SF_Compute","1","2176"
"FRecomputeTangentsPerVertexPassCS<0>","Global","SF_Compute","1","671"
"FRecomputeTangentsPerVertexPassCS<1>","Global","SF_Compute","1","892"
"FRectAtlasAddTexturePS","Global","SF_Pixel","1","582"
"FRectAtlasCopyTexturePS","Global","SF_Pixel","1","424"
"FRectAtlasFilterTexturePS","Global","SF_Pixel","1","1178"
"FRectLightAtlasVS","Global","SF_Vertex","1","638"
"FRenderCameraAerialPerspectiveVolumeCS","Global","SF_Compute","32","125680"
"FRenderDebugSkyAtmospherePS","Global","SF_Pixel","1","3811"
"FRenderDistantSkyLightLutCS","Global","SF_Compute","2","4487"
"FRenderMultiScatteredLuminanceLutCS","Global","SF_Compute","2","5142"
"FRenderRealTimeReflectionHeightFogPS","Global","SF_Pixel","2","3546"
"FRenderRealTimeReflectionHeightFogVS","Global","SF_Vertex","1","454"
"FRenderSkyViewLutCS","Global","SF_Compute","16","54575"
"FRenderTransmittanceLutCS","Global","SF_Compute","1","1246"
"FResolveDepth2XPS","Global","SF_Pixel","1","319"
"FResolveDepth4XPS","Global","SF_Pixel","1","390"
"FResolveDepth8XPS","Global","SF_Pixel","1","391"
"FResolveDepthPS","Global","SF_Pixel","1","402"
"FResolveSingleSamplePS","Global","SF_Pixel","1","304"
"FResolveVS","Global","SF_Vertex","1","397"
"FSSProfilePreIntegratedPS","Global","SF_Pixel","1","1854"
"FScatterCopyCS","Global","SF_Compute","4","1869"
"FSceneCapturePS","Global","SF_Pixel","5","2129"
"FScreenPS","Global","SF_Pixel","1","251"
"FScreenPSArraySlice","Global","SF_Pixel","1","305"
"FScreenPSInvertAlpha","Global","SF_Pixel","1","292"
"FScreenPSMipLevel","Global","SF_Pixel","1","297"
"FScreenPS_OSE","Global","SF_Pixel","1","251"
"FScreenPSsRGBSource","Global","SF_Pixel","1","323"
"FScreenPSsRGBSourceMipLevel","Global","SF_Pixel","1","365"
"FScreenPassVS","Global","SF_Vertex","1","461"
"FScreenSpaceShadowsBendCS","Global","SF_Compute","3","18770"
"FScreenSpaceShadowsCS","Global","SF_Compute","1","1482"
"FScreenSpaceShadowsUpsamplePS","Global","SF_Pixel","2","1401"
"FScreenVS","Global","SF_Vertex","1","441"
"FScreenVertexShaderVS","Global","SF_Vertex","1","225"
"FScrollingShadowMaps2DPS","Global","SF_Pixel","1","401"
"FSelectionOutlinePS","Global","SF_Pixel","4","11630"
"FShader_VirtualTextureCopy_PS< ERuntimeVirtualTextureMaterialType::BaseColor >","Global","SF_Pixel","1","289"
"FShader_VirtualTextureCopy_PS< ERuntimeVirtualTextureMaterialType::BaseColor_Normal_Specular >","Global","SF_Pixel","1","391"
"FShader_VirtualTextureCopy_PS< ERuntimeVirtualTextureMaterialType::BaseColor_Normal_Specular_Mask_YCoCg >","Global","SF_Pixel","1","505"
"FShader_VirtualTextureCopy_PS< ERuntimeVirtualTextureMaterialType::BaseColor_Normal_Specular_YCoCg >","Global","SF_Pixel","1","509"
"FShader_VirtualTextureCopy_PS< ERuntimeVirtualTextureMaterialType::Mask4 >","Global","SF_Pixel","1","347"
"FShader_VirtualTextureCopy_PS< ERuntimeVirtualTextureMaterialType::WorldHeight >","Global","SF_Pixel","1","289"
"FShader_VirtualTextureCopy_VS","Global","SF_Vertex","1","376"
"FShadowProjectionNoTransformVS","Global","SF_Vertex","1","195"
"FShadowVolumeBoundProjectionVS","Global","SF_Vertex","1","417"
"FSimpleElementAlphaOnlyPS","Global","SF_Pixel","1","299"
"FSimpleElementColorChannelMaskPS","Global","SF_Pixel","1","455"
"FSimpleElementDistanceFieldGammaPS","Global","SF_Pixel","1","678"
"FSimpleElementGammaAlphaOnlyPS","Global","SF_Pixel","1","516"
"FSimpleElementGammaPS_Linear","Global","SF_Pixel","1","537"
"FSimpleElementGammaPS_SRGB","Global","SF_Pixel","1","537"
"FSimpleElementHitProxyPS","Global","SF_Pixel","1","293"
"FSimpleElementMaskedGammaPS_Linear","Global","SF_Pixel","1","569"
"FSimpleElementMaskedGammaPS_SRGB","Global","SF_Pixel","1","569"
"FSimpleElementNormalMapPS","Global","SF_Pixel","1","368"
"FSimpleElementPS","Global","SF_Pixel","1","327"
"FSimpleElementVS","Global","SF_Vertex","1","517"
"FSimulationShaderDefaultCS","Global","SF_Compute","1","11061"
"FSkinUpdateCS","Global","SF_Compute","18","25003"
"FSlateDebugBatchingPS","Global","SF_Pixel","1","282"
"FSlateDebugOverdrawPS","Global","SF_Pixel","1","269"
"FSlateElementVS","Global","SF_Vertex","1","657"
"FSlateMaskingPS","Global","SF_Pixel","1","182"
"FSlateMaskingVS","Global","SF_Vertex","1","359"
"FSlatePostProcessBlurPS","Global","SF_Pixel","1","782"
"FSlatePostProcessColorDeficiencyPS","Global","SF_Pixel","1","2004"
"FSlatePostProcessDownsamplePS","Global","SF_Pixel","1","494"
"FSlatePostProcessUpsamplePS","Global","SF_Pixel","3","2923"
"FSparseVolumeTextureUpdateFromSparseBufferCS","Global","SF_Compute","3","2914"
"FSparseVolumeTextureUpdatePageTableCS","Global","SF_Compute","1","414"
"FStereoLayerPS","Global","SF_Pixel","1","314"
"FStereoLayerPS_External","Global","SF_Pixel","1","314"
"FStereoLayerVS","Global","SF_Vertex","1","443"
"FTonemapPS","Global","SF_Pixel","100","173789"
"FTonemapVS","Global","SF_Vertex","1","688"
"FTransferVelocityPassCS","Global","SF_Compute","1","341"
"FUYVYConvertPS","Global","SF_Pixel","1","714"
"FUpscalePS","Global","SF_Pixel","4","1474"
"FUpscaleVS","Global","SF_Vertex","1","561"
"FVYUConvertPS","Global","SF_Pixel","1","1057"
"FVisualizeBufferPS","Global","SF_Pixel","1","677"
"FVisualizeComplexityApplyPS","Global","SF_Pixel","2","4838"
"FVisualizeLevelInstancePS","Global","SF_Pixel","4","5335"
"FVisualizeMotionVectorsPS","Global","SF_Pixel","1","1107"
"FVisualizeNanitePS","Global","SF_Pixel","1","677"
"FVisualizeTexturePS","Global","SF_Pixel","6","4163"
"FVisualizeVirtualTextureApplyPS","Global","SF_Pixel","1","607"
"FVolumetricFogFinalIntegrationCS","Global","SF_Compute","1","958"
"FVolumetricFogLightScatteringCS","Global","SF_Compute","4","22101"
"FVolumetricFogMaterialSetupCS","Global","SF_Compute","4","5978"
"FWaterInfoTextureBlurPS","Global","SF_Pixel","1","629"
"FWaterInfoTextureMergePS","Global","SF_Pixel","1","926"
"FWholeSceneDirectionalShadowStencilVS","Global","SF_Vertex","1","419"
"FWriteToBoundingSphereVS","Global","SF_Vertex","1","672"
"FYCbCrConvertPS","Global","SF_Pixel","1","612"
"FYCbCrConvertPS_4x4Matrix","Global","SF_Pixel","1","573"
"FYCoCgConvertPS","Global","SF_Pixel","1","1148"
"FYUVConvertPS","Global","SF_Pixel","1","656"
"FYUVY416ConvertPS","Global","SF_Pixel","1","1104"
"FYUVv210ConvertPS","Global","SF_Pixel","1","1247"
"FYUVv216ConvertPS","Global","SF_Pixel","1","1260"
"FYUY2ConvertPS","Global","SF_Pixel","1","738"
"FYVYUConvertPS","Global","SF_Pixel","1","716"
"NiagaraComputeFreeIDsCS","Global","SF_Compute","1","824"
"NiagaraFillIntBufferCS","Global","SF_Compute","1","239"
"RenderSkyAtmosphereEditorHudPS","Global","SF_Pixel","1","2191"
"TGPUSkinCacheCS<(0 * 32 + 0 * 16 + 0 * 4 + 0)>","Global","SF_Compute","1","1095"
"TGPUSkinCacheCS<(0 * 32 + 0 * 16 + 0 * 4 + 1)>","Global","SF_Compute","1","1298"
"TGPUSkinCacheCS<(0 * 32 + 0 * 16 + 0 * 4 + 2)>","Global","SF_Compute","1","2578"
"TGPUSkinCacheCS<(0 * 32 + 0 * 16 + 1 * 4 + 0)>","Global","SF_Compute","1","1457"
"TGPUSkinCacheCS<(0 * 32 + 0 * 16 + 1 * 4 + 1)>","Global","SF_Compute","1","1660"
"TGPUSkinCacheCS<(0 * 32 + 0 * 16 + 1 * 4 + 2)>","Global","SF_Compute","1","2832"
"TGPUSkinCacheCS<(0 * 32 + 0 * 16 + 2 * 4 + 0)>","Global","SF_Compute","1","1306"
"TGPUSkinCacheCS<(0 * 32 + 0 * 16 + 2 * 4 + 1)>","Global","SF_Compute","1","1485"
"TGPUSkinCacheCS<(0 * 32 + 0 * 16 + 2 * 4 + 2)>","Global","SF_Compute","1","2666"
"TGPUSkinCacheCS<(0 * 32 + 1 * 16 + 0 * 4 + 0)>","Global","SF_Compute","1","1141"
"TGPUSkinCacheCS<(0 * 32 + 1 * 16 + 0 * 4 + 1)>","Global","SF_Compute","1","1312"
"TGPUSkinCacheCS<(0 * 32 + 1 * 16 + 0 * 4 + 2)>","Global","SF_Compute","1","2589"
"TGPUSkinCacheCS<(0 * 32 + 1 * 16 + 1 * 4 + 0)>","Global","SF_Compute","1","1442"
"TGPUSkinCacheCS<(0 * 32 + 1 * 16 + 1 * 4 + 1)>","Global","SF_Compute","1","1572"
"TGPUSkinCacheCS<(0 * 32 + 1 * 16 + 1 * 4 + 2)>","Global","SF_Compute","1","2819"
"TGPUSkinCacheCS<(1 * 32 + 0 * 16 + 0 * 4 + 0)>","Global","SF_Compute","1","1140"
"TGPUSkinCacheCS<(1 * 32 + 0 * 16 + 0 * 4 + 1)>","Global","SF_Compute","1","1344"
"TGPUSkinCacheCS<(1 * 32 + 0 * 16 + 0 * 4 + 2)>","Global","SF_Compute","1","2602"
"TGPUSkinCacheCS<(1 * 32 + 0 * 16 + 1 * 4 + 0)>","Global","SF_Compute","1","1531"
"TGPUSkinCacheCS<(1 * 32 + 0 * 16 + 1 * 4 + 1)>","Global","SF_Compute","1","1591"
"TGPUSkinCacheCS<(1 * 32 + 0 * 16 + 1 * 4 + 2)>","Global","SF_Compute","1","2897"
"TGPUSkinCacheCS<(1 * 32 + 1 * 16 + 0 * 4 + 0)>","Global","SF_Compute","1","1148"
"TGPUSkinCacheCS<(1 * 32 + 1 * 16 + 0 * 4 + 1)>","Global","SF_Compute","1","1281"
"TGPUSkinCacheCS<(1 * 32 + 1 * 16 + 0 * 4 + 2)>","Global","SF_Compute","1","2599"
"TGPUSkinCacheCS<(1 * 32 + 1 * 16 + 1 * 4 + 0)>","Global","SF_Compute","1","1487"
"TGPUSkinCacheCS<(1 * 32 + 1 * 16 + 1 * 4 + 1)>","Global","SF_Compute","1","1570"
"TGPUSkinCacheCS<(1 * 32 + 1 * 16 + 1 * 4 + 2)>","Global","SF_Compute","1","2866"
"TMobileHistogramCS< false >","Global","SF_Compute","1","1020"
"TMobileHistogramCS< true >","Global","SF_Compute","1","1115"
"TModulatedShadowProjection<1>","Global","SF_Pixel","1","1425"
"TModulatedShadowProjection<2>","Global","SF_Pixel","1","1425"
"TModulatedShadowProjection<3>","Global","SF_Pixel","1","1425"
"TModulatedShadowProjection<4>","Global","SF_Pixel","1","1425"
"TModulatedShadowProjection<5>","Global","SF_Pixel","1","1425"
"TOneColorPixelShaderMRT","Global","SF_Pixel","43","12329"
"TOneColorVSfalsefalse","Global","SF_Vertex","1","382"
"TOneColorVSfalsetrue","Global","SF_Vertex","1","498"
"TOneColorVStruefalse","Global","SF_Vertex","1","237"
"TOneColorVStruetrue","Global","SF_Vertex","1","353"
"TPageTableUpdatePS<PF_R16G16B16A16_UINT>","Global","SF_Pixel","1","176"
"TPageTableUpdatePS<PF_R16G16_UINT>","Global","SF_Pixel","1","178"
"TPageTableUpdatePS<PF_R16_UINT>","Global","SF_Pixel","1","178"
"TPageTableUpdatePS<PF_R32G32B32A32_UINT>","Global","SF_Pixel","1","176"
"TPageTableUpdatePS<PF_R32G32_UINT>","Global","SF_Pixel","1","178"
"TPageTableUpdatePS<PF_R32_UINT>","Global","SF_Pixel","1","178"
"TPageTableUpdateVS<false>","Global","SF_Vertex","1","797"
"TPageTableUpdateVS<true>","Global","SF_Vertex","1","796"
"TParticleInjectionPS<false>","Global","SF_Pixel","1","266"
"TParticleInjectionPS<true>","Global","SF_Pixel","1","250"
"TParticleSimulationPS<PCM_None>","Global","SF_Pixel","1","1500"
"TPrefilterPlanarReflectionPS<false>","Global","SF_Pixel","1","437"
"TScreenVSForGS<true>","Global","SF_Vertex","1","529"
"TSlateElementPSBorderfalsefalsefalsefalseA","Global","SF_Pixel","1","857"
"TSlateElementPSBorderfalsetruefalsefalseA","Global","SF_Pixel","1","843"
"TSlateElementPSBordertruefalsefalsefalseA","Global","SF_Pixel","1","838"
"TSlateElementPSBordertruetruefalsefalseA","Global","SF_Pixel","1","839"
"TSlateElementPSColorFontfalsetruefalsefalseA","Global","SF_Pixel","1","682"
"TSlateElementPSColorFonttruetruefalsefalseA","Global","SF_Pixel","1","680"
"TSlateElementPSDefaultfalsefalsefalsefalseA","Global","SF_Pixel","1","667"
"TSlateElementPSDefaultfalsefalsefalsetrueA","Global","SF_Pixel","1","1941"
"TSlateElementPSDefaultfalsefalsetruefalseA","Global","SF_Pixel","1","696"
"TSlateElementPSDefaultfalsefalsetruetrueA","Global","SF_Pixel","1","1896"
"TSlateElementPSDefaultfalsetruefalsefalseA","Global","SF_Pixel","1","675"
"TSlateElementPSDefaultfalsetruefalsetrueA","Global","SF_Pixel","1","1940"
"TSlateElementPSDefaultfalsetruetruefalseA","Global","SF_Pixel","1","696"
"TSlateElementPSDefaultfalsetruetruetrueA","Global","SF_Pixel","1","1896"
"TSlateElementPSDefaulttruefalsefalsefalseA","Global","SF_Pixel","1","681"
"TSlateElementPSDefaulttruefalsefalsetrueA","Global","SF_Pixel","1","1944"
"TSlateElementPSDefaulttruefalsetruefalseA","Global","SF_Pixel","1","697"
"TSlateElementPSDefaulttruefalsetruetrueA","Global","SF_Pixel","1","1903"
"TSlateElementPSDefaulttruetruefalsefalseA","Global","SF_Pixel","1","685"
"TSlateElementPSDefaulttruetruefalsetrueA","Global","SF_Pixel","1","1951"
"TSlateElementPSDefaulttruetruetruefalseA","Global","SF_Pixel","1","697"
"TSlateElementPSDefaulttruetruetruetrueA","Global","SF_Pixel","1","1914"
"TSlateElementPSGrayscaleFontfalsetruefalsefalseA","Global","SF_Pixel","1","684"
"TSlateElementPSGrayscaleFonttruetruefalsefalseA","Global","SF_Pixel","1","685"
"TSlateElementPSLineSegmentfalsetruefalsefalseA","Global","SF_Pixel","1","845"
"TSlateElementPSLineSegmenttruetruefalsefalseA","Global","SF_Pixel","1","850"
"TSlateElementPSMsdfFontfalsetruefalsefalseA","Global","SF_Pixel","1","797"
"TSlateElementPSMsdfFonttruetruefalsefalseA","Global","SF_Pixel","1","810"
"TSlateElementPSRoundedBoxfalsetruefalsefalseA","Global","SF_Pixel","1","1204"
"TSlateElementPSRoundedBoxtruetruefalsefalseA","Global","SF_Pixel","1","1217"
"TSlateElementPSSdfFontfalsetruefalsefalseA","Global","SF_Pixel","1","773"
"TSlateElementPSSdfFonttruetruefalsefalseA","Global","SF_Pixel","1","783"
"FDeferredDecalMobilePS","Material","SF_Pixel","1","2146"
"FDeferredDecalPS","Material","SF_Pixel","1","736"
"FLightFunctionAtlasSlotPS","Material","SF_Pixel","2","659"
"FPostProcessMaterialPS","Material","SF_Pixel","4","3040"
"FPostProcessMaterialVS","Material","SF_Vertex","2","752"
"FVolumetricFogLightFunctionPS","Material","SF_Pixel","8","5357"
"FDepthOnlyPS","MeshMaterial","SF_Pixel","17","11815"
"FDistortionMeshPS","MeshMaterial","SF_Pixel","1","1065"
"FDistortionMeshVS","MeshMaterial","SF_Vertex","1","1902"
"FHitProxyPS","MeshMaterial","SF_Pixel","38","19404"
"FHitProxyVS","MeshMaterial","SF_Vertex","40","98741"
"FMeshDecalsPS","MeshMaterial","SF_Pixel","1","524"
"FMeshDecalsVS","MeshMaterial","SF_Vertex","3","7533"
"TDepthOnlyVS<false>","MeshMaterial","SF_Vertex","38","83150"
"TDepthOnlyVS<true>","MeshMaterial","SF_Vertex","4","6572"
"TMobileBasePassPSFMobileDirectionalLightAndCSMPolicyLOCAL_LIGHTS_DISABLED","MeshMaterial","SF_Pixel","72","257242"
"TMobileBasePassPSFNoLightMapPolicyLOCAL_LIGHTS_DISABLED","MeshMaterial","SF_Pixel","138","354364"
"TMobileBasePassVSFMobileDirectionalLightAndCSMPolicy","MeshMaterial","SF_Vertex","46","113724"
"TMobileBasePassVSFNoLightMapPolicy","MeshMaterial","SF_Vertex","63","176286"
"TShadowDepthPSPixelShadowDepth_NonPerspectiveCorrect","MeshMaterial","SF_Pixel","17","9774"
"TShadowDepthVSVertexShadowDepth_OutputDepth","MeshMaterial","SF_Vertex","38","90837"
"TShadowDepthVSVertexShadowDepth_OutputDepthPositionOnly","MeshMaterial","SF_Vertex","4","9301"
"FComputeKernelShader","ComputeKernel","SF_Compute","145","311231"
